train_loss,train_accuracy,train_epoch
0.2095714658498764,95.10135054588318,0
0.3221677541732788,94.59459185600281,1
0.3184003233909607,94.76351141929626,2
0.3168390095233917,94.51013803482056,3
0.3092319965362549,94.59459185600281,4
